Title,URL,Page
ভালোবাসার অভাবে মরে গেছে ঘাসফড়িং (Valobasar Ovabe More Geche Ghashforing) book details - books.com.bd,http://books.com.bd/29368,1
বার ঘাটের শেষ ঘাট (Baro Ghater Shesh Ghat) a book written by Salek Uddin and published by Anannya - books.com.bd,http://books.com.bd/9895,1
কল্পবিজ্ঞান ও রহস্য গল্প (Kolpobiggan O Rohosso Golpo) a book written by Biprodash Borua and published by Bornayon - books.com.bd,http://books.com.bd/14793,1
অনঙ্গ রঙ্গ (Onongo Rongo) a book written by Mostafa Mir and published by Bornayon - books.com.bd,http://books.com.bd/14783,1
অজগর (Ojogor (Okhondo)) a book written by Haripad Dutta and published by Bornayon - books.com.bd,http://books.com.bd/14788,1
আউটসাইডার (Outsider) a book written by Shamsuddin Choudhury and published by Bornayon - books.com.bd,http://books.com.bd/12032,1
আত্মজ্ঞান (Atnogan) a book written by Abdul Halim Talukder and published by Bornayon - books.com.bd,http://books.com.bd/25342,1
আহমদ শরীফ (Ahmad Sharif) a book written by Ahmad Kabir and published by Bornayon - books.com.bd,http://books.com.bd/25343,1
উত্তর-আধুনিক পরিবেশ (Uttor-Adhunik Poribesh) a book written by Shamsuddin Choudhury and published by Bornayon - books.com.bd,http://books.com.bd/25344,1
ভৌতিক কাহিনি এসো ভূত তাড়াই (Boitik Kahini Eso Vut Tarai) a book written by Sheikh Abdul Hakim and published by Bornayon - books.com.bd,http://books.com.bd/25345,1
ওয়ার্ল্ড ফেমাস চিলড্রেন ক্লাসিক (World Famous Children's Classics) a book written by Tarik Mahmood and published by Bornayon - books.com.bd,http://books.com.bd/25346,1
কণা তরঙ্গ (Kona Tarongo) a book written by Reza Alien and published by Bornayon - books.com.bd,http://books.com.bd/25347,1
কথা ও সাহিত্য (Kotha O Shahitto) a book written by Haripad Dutta and published by Bornayon - books.com.bd,http://books.com.bd/14778,1
কোরআন ও মানব মন (Quran O Manob Mon) a book written by Syed Abdul Latif and published by Bornayon - books.com.bd,http://books.com.bd/25351,1
গীতাঞ্জলী (Geetanjoli [Bor]) a book written by Abdar Rashid and published by Bornayon - books.com.bd,http://books.com.bd/11618,1
গীতাঞ্জলী (Geetanjoli [sb]) a book written by Rabindranath Tagore and published by Sahitto Bikash - books.com.bd,http://books.com.bd/9008,1
গ্রিসের মিথ (Greecer Myth ) a book written by Shamsuddin Choudhury and published by Bornayon - books.com.bd,http://books.com.bd/25352,1
চারটে আর্কেটাইপ (Charte Arketipy) a book written by Shamsuddin Choudhury and published by Bornayon - books.com.bd,http://books.com.bd/25353,1
টম সয়ারের দুঃসাহসিক অভিযান (Tom Swarer Dudsahosik Abijan) a book written by Hossain Redwan Ali Khan and published by Bornayon - books.com.bd,http://books.com.bd/25354,1
ধ্রুপদী মিথলজি (Drupodi mythology) a book written by Shamsuddin Choudhury and published by Bornayon - books.com.bd,http://books.com.bd/25357,1
নন্দন তত্ত্ব (Nandon Tatto) a book written by Shamsuddin Choudhury and published by Bornayon - books.com.bd,http://books.com.bd/25358,1
পরিবেশ ও বিজ্ঞান (Poribesh O Biggan) a book written by Dr. Ali asgar and published by Bornayon - books.com.bd,http://books.com.bd/25359,1
পাখি ও পতঙ্গরা যখন মানুষ ছিল (Pakhi O Potongora Jokhon manush Chilo) a book written by Haripad Dutta and published by Bornayon - books.com.bd,http://books.com.bd/25360,1
প্রয়োজনীয় দার্শনিক ধারণা (Projoniy Dashonik Darona) a book written by Shamsuddin Choudhury and published by Bornayon - books.com.bd,http://books.com.bd/25361,1
প্লেটোর পাঠশালা (Plator Pathshala) a book written by Shamsuddin Choudhury and published by Bornayon - books.com.bd,http://books.com.bd/25362,1
বাংলাদেশের গণহত্যা’৭১ (Bangladesher Gonhotta1971) a book written by Khalek Bin Jainuddin and published by Bornayon - books.com.bd,http://books.com.bd/25363,1
বাংলাদেশের স্বাধীনতা ও বঙ্গবন্ধু (Bangladesher Shadinota O Bangabandhu) a book written by Khalek Bin Jainuddin and published by Bornayon - books.com.bd,http://books.com.bd/25365,1
বাংলার মুখ আমি দেখিয়াছি (Banglar Mukh Ami Dekhiachi[Born]) a book written by Shankar Sengupta and published by Bornayon - books.com.bd,http://books.com.bd/25366,1
রাণুর প্রথমভাগ (Ranur Prothamvag) a book written by Bibhutibhushan Mukhopaddhay and published by Bornayon - books.com.bd,http://books.com.bd/25367,1
ভারতশিল্পের ষড়ঙ্গ (VaratShilper Sharonggo) a book written by Abanindranath Tagore and published by Bornayon - books.com.bd,http://books.com.bd/25368,1
ভার্জিলের ঈনিড (Varjiler Eneed) a book written by Shamsuddin Choudhury and published by Bornayon - books.com.bd,http://books.com.bd/25369,1
ভৌতিক উপন্যাস ভূততাড়ুয়া (Vautik Uponnash Vuttaruya) a book written by Sheikh Abdul Hakim and published by Bornayon - books.com.bd,http://books.com.bd/25370,1
হাক্‌ল্‌বেরি ফিনের দুঃসাহসিক অভিযান (Hakkolberi Finer DudsaHosik Avizan) a book written by Hossain Redwan Ali Khan and published by Bornayon - books.com.bd,http://books.com.bd/25372,1
মাল্যবান (Malloban) a book written by Jibananondo Dash and published by Bornayon - books.com.bd,http://books.com.bd/14801,1
মিথের মাঝে বসবাস (Mither Majhe Bashobash) a book written by Shamsuddin Choudhury and published by Bornayon - books.com.bd,http://books.com.bd/25373,1
মোগলি (Mogli) a book written by Sijan Mahmud Tapan and published by Bornayon - books.com.bd,http://books.com.bd/25375,1
মোল্লা ভাইয়ের হাসির গল্প (Molla Vaiyer Hasir Golpo) a book written by Mosaddek Ahmed and published by Bornayon - books.com.bd,http://books.com.bd/25376,1
যৌনতার ইতিহাস-১ : ভূমিকাপর্ব (Jhonotar Itihash-1:Vumikaparbo) a book written by Shamsuddin Choudhury and published by Bornayon - books.com.bd,http://books.com.bd/25377,1
যৌনতার ইতিহাস-২ : সুখের ব্যবহার (Jhonotar Itihash-2:Sukher babohar) a book written by Shamsuddin Choudhury and published by Bornayon - books.com.bd,http://books.com.bd/25378,1
যৌনতার ইতিহাস-৩ : নিজের প্রতি যত্ন (Jhonotar Itihash-3:Nijer Proti Jhotno) a book written by Shamsuddin Choudhury and published by Bornayon - books.com.bd,http://books.com.bd/25379,1
যৌনতার তত্ত্বের তিন পাঠ (Jhonotar Totter Tin Path) a book written by Shamsuddin Choudhury and published by Bornayon - books.com.bd,http://books.com.bd/25380,1
রাজনৈতিক মতাদর্শ ও অন্যান্য প্রসঙ্গ (Rajnoitik Motadorssho O Annanno Prosoggo) a book written by Haider Akbar Khan Rono and published by Bornayon - books.com.bd,http://books.com.bd/25382,1
রিচুয়াল থেকে রোমান্স (Richuyal Theke Romance) a book written by Shamsuddin Choudhury and published by Bornayon - books.com.bd,http://books.com.bd/25383,1
রেলগাড়ি কত দূর (Relgari Koto Dur) a book written by Subrata Borua and published by Bornayon - books.com.bd,http://books.com.bd/25384,1
রোমের মিথ (Romer Mithy) a book written by Shamsuddin Choudhury and published by Bornayon - books.com.bd,http://books.com.bd/25385,1
শার্লক হোমস অমনিবাস (Sherlock Holmes Omnibus) a book written by Tarik Mahmood and published by Bornayon - books.com.bd,http://books.com.bd/25386,1
শার্লক হোমসের শ্রেষ্ঠ অভিযান (Sherlock Holmeser Shrestho Avijan) a book written by Sir Arthur Conan Dail and published by Bornayon - books.com.bd,http://books.com.bd/25387,1
সংগ্রামী সুকর্ন (Sanggarami Sukornno) a book written by Anis Siddiki and published by Bornayon - books.com.bd,http://books.com.bd/25388,1
সহজ চিএশিক্ষা (Sahoj chitrosikka) a book written by Abanindranath Tagore and published by Bornayon - books.com.bd,http://books.com.bd/25390,1
সাহিত্য সমালোচনা (Sahitto Samalochona) a book written by Ahmad Kabir and published by Bornayon - books.com.bd,http://books.com.bd/25392,1
হাট্টিমাটিম পাখির জম্মকথা (Hatrimatim Pakhir Jonmokatha) a book written by Haripad Dutta and published by Bornayon - books.com.bd,http://books.com.bd/25393,1
হাসন রাজার গান (Hason Razar Gan) a book written by Dr. Abul Ahsan Chowdhury and published by Bornayon - books.com.bd,http://books.com.bd/25394,1
হোমর (Homor) a book written by Shamsuddin Choudhury and published by Bornayon - books.com.bd,http://books.com.bd/25395,1
হোমরের ইলিয়াদ (Homrer Eliyad) a book written by Shamsuddin Choudhury and published by Bornayon - books.com.bd,http://books.com.bd/25397,1
চাঁদের পাহাড় (Chader Pahar [Bornayon]) a book written by Bibhutibhushon Bondopoddhay and published by Bornayon - books.com.bd,http://books.com.bd/14820,1
গোপাল ভাঁড়ের হাসির গল্প (Gopal Varer Hasir Golpo [Adigonto Prk]) a book written by Farhana Kaayum Aparna and published by Adigonto Prokashhan - books.com.bd,http://books.com.bd/10141,1
আসিমভ  (Asimov) a book written by Iqbal Alamgir Kabir and published by Bibidh - books.com.bd,http://books.com.bd/13650,1
এই বইটা তোমার (Ai Boita Tomar) a book written by Lutfur Rahman Riton and published by Chandrabati Academy - books.com.bd,http://books.com.bd/25876,1
কত কথার খই (Kato Kathar Khoi) a book written by Mosharraf Hossain Bhuiyan and published by Chandrabati Academy - books.com.bd,http://books.com.bd/25877,1
কথা কথাসাহিত্য (Katha Kathasahitto) a book written by Hasan Ajijul Haque and published by Chandrabati Academy - books.com.bd,http://books.com.bd/25878,1
কর্ণকুসুম ও কালোপাখার প্রজাপতি (Kornokusum O Kalopakhar Projapoti) a book written by Akhtar Hosen and published by Chandrabati Academy - books.com.bd,http://books.com.bd/25880,1
কাছের মানুষ (Kacher Manush) a book written by Faruk Hosen and published by Chandrabati Academy - books.com.bd,http://books.com.bd/25881,1
কিশোরসমগ্র (Kishorsamoggro[SK]) a book written by Shamsujjaman Khan and published by Chandrabati Academy - books.com.bd,http://books.com.bd/25883,1
কৃষি ও উন্নয়নচিন্তা (Krishi O Unnoyonchinta) a book written by Shaikh Siraj and published by Chandrabati Academy - books.com.bd,http://books.com.bd/25884,1
কৃষি সাংবাদিকতা (Krishi Sangbadikota) a book written by Professor Dr. Golam Rahman and published by Chandrabati Academy - books.com.bd,http://books.com.bd/25885,1
খুশির পড়া মজার ছড়া (Khushir Pora Mojar Chara) a book written by Shailendra Haldar and published by Chandrabati Academy - books.com.bd,http://books.com.bd/25886,1
গণেশ ধনেশ রণেশ এবং ভূতের বাচ্চা (Ganesh Dhanesh Ranesh Ebang Vhuter Baccha) a book written by Lutfur Rahman Riton and published by Chandrabati Academy - books.com.bd,http://books.com.bd/25887,1
"গুড মর্নিং কিডো দ্য ফড়িংনি (Good morning, Kido the Foringni) a book written by Dhruv Es and published by Chandrabati Academy - books.com.bd",http://books.com.bd/25888,1
গোলকুন্ডার হিরে (Golkunhdar Hiro) a book written by Deep Mukherjee and published by Chandrabati Academy - books.com.bd,http://books.com.bd/25889,1
ঘুড়ির মতো উড়ি (Ghurir Moto Uri) a book written by Faruk Hosen and published by Chandrabati Academy - books.com.bd,http://books.com.bd/25890,1
ঘুরে আসি প্রাণিরাজ্যে (Ghure Asi Pranirajje) a book written by Rahim Shah and published by Chandrabati Academy - books.com.bd,http://books.com.bd/25891,1
চাঁদ উঠেছে ফুল ফুটেছে (Chad Utheche Fhul Futeche) a book written by Anwarul Islam and published by Chandrabati Academy - books.com.bd,http://books.com.bd/25892,1
চার বেহারার পালকি (Char Beharar Palki) a book written by Abul Momen and published by Chandrabati Academy - books.com.bd,http://books.com.bd/25893,1
চিরদিন তোমার আকাশ (Chirodin Tomar Akash) a book written by Sajjad Arefin and published by Chandrabati Academy - books.com.bd,http://books.com.bd/25894,1
ছড়ায় ছড়ায় জীবন গড়ায় (Chorai Chorai Jibon Gorai) a book written by Aslam Sani and published by Chandrabati Academy - books.com.bd,http://books.com.bd/25895,1
আমাদের শিশু সাহিত্য ছন্দোময় সোনালি রেখা (Amader Shishu Sahitto Chondomoy Sonali rekha) a book written by Rashed Rauf and published by Chandrabati Academy - books.com.bd,http://books.com.bd/25896,1
বাংলাদেশের স্বাধীনতা সংগ্রামে শিল্পী সমাজ (Bangladesher Shadinota Sangrame Shilhpi  Samaj) a book written by Biren Som and published by Chandrabati Academy - books.com.bd,http://books.com.bd/25923,1
বাতাসে বিসর্জন (Batase Bisorjjon) a book written by Souvik Reza and published by Chandrabati Academy - books.com.bd,http://books.com.bd/25924,1
বৃষ্টি নিয়ে বিশটি গল্প (Bristi Niye Bishti Golpo) a book written by Amirul Islam and published by Chandrabati Academy - books.com.bd,http://books.com.bd/25926,1
ব্রাজিলের মাকড়সা ও আরেকটি গল্প (Braziler Makorsha O Arekti Golpo) a book written by Faridur Reja Shagor and published by Chandrabati Academy - books.com.bd,http://books.com.bd/25927,1
ভাষা সাহিত্য সংস্কৃতি কথা (Vasha Sahitto sangskiti Katha) a book written by Selina Hossain and published by Chandrabati Academy - books.com.bd,http://books.com.bd/25929,1
ভূতের বিয়ের নিমন্ত্রণে (Vuter Biyer Nimontrone) a book written by Lutfur Rahman Riton and published by Chandrabati Academy - books.com.bd,http://books.com.bd/25930,1
মধুবক (Madubok) a book written by Hashem Khan and published by Chandrabati Academy - books.com.bd,http://books.com.bd/25931,1
মায়ের জন্য রূপকথা (Mayer Jonno Rupkatha) a book written by Amirul Islam and published by Chandrabati Academy - books.com.bd,http://books.com.bd/25933,1
মাহসুরির বেহালা (Mahasurir Behala) a book written by Zahid Reza Noor and published by Chandrabati Academy - books.com.bd,http://books.com.bd/25934,1
মিছিলের রূপকথা (Michiler Rupkatha) a book written by Amirul Islam and published by Chandrabati Academy - books.com.bd,http://books.com.bd/25935,1
মিতুল ও তার রবোট (Mitul O Tar Robot) a book written by Muhammed Zafar Iqbal and published by Chandrabati Academy - books.com.bd,http://books.com.bd/25936,1
মুক্তির সংগ্রাম (Muktir Sangram) a book written by Anisujjaman and published by Chandrabati Academy - books.com.bd,http://books.com.bd/25937,1
মৃত্যুশয্যায় আমি একা (Mrittusojjay Ami Eka) a book written by Mahbub Talukdar and published by Chandrabati Academy - books.com.bd,http://books.com.bd/25938,1
মেঘনার জন্য লেখা (Meghnar Jonno lekha) a book written by Faridur Reja Shagor and published by Chandrabati Academy - books.com.bd,http://books.com.bd/25939,1
মেয়ে তুমি ফুলের মতো হও (Meye Tumi Fuler Moto Ho) a book written by Faruk Nawaj and published by Chandrabati Academy - books.com.bd,http://books.com.bd/25940,1
রনবী'র ছড়া (Ronbir Chhora) a book written by Rafik un nabi and published by Chandrabati Academy - books.com.bd,http://books.com.bd/25941,1
রবীন্দ্রনাথ : তাঁর আলোয় তাঁর ছায়ায় (Rabindranath: Tar Aloi Tar Chayi) a book written by Sanatkumar Saha and published by Chandrabati Academy - books.com.bd,http://books.com.bd/25942,1
রাষ্ট্র ও সংস্কৃতিক সামাজিকতা (Rastro O Sangskriti Samajikota) a book written by Sirajul Islam Choudhury and published by Chandrabati Academy - books.com.bd,http://books.com.bd/25945,1
রাশিয়ার রূপকথা (Russiar Rupkatha) a book written by Rahim Shah and published by Chandrabati Academy - books.com.bd,http://books.com.bd/25944,1
রাতুলমামা ফিল্মস্টার (Ratul Mama Filmster) a book written by Faridur Reja Shagor and published by Chandrabati Academy - books.com.bd,http://books.com.bd/25943,1
লাল জেব্রার ম্যাজিক (Lal Zebrar Magic) a book written by Lutfur Rahman Riton and published by Chandrabati Academy - books.com.bd,http://books.com.bd/25947,1
লিলিপুটের ছোটভাই (Liliputer Chotovai) a book written by Lutfur Rahman Riton and published by Chandrabati Academy - books.com.bd,http://books.com.bd/25948,1
শুধুই রবীন্দ্রনাথ (Sudhui Rabindranath) a book written by Shahabuddin Nagri and published by Chandrabati Academy - books.com.bd,http://books.com.bd/25950,1
শুভসকাল (Shubosokal) a book written by Maruful Islam and published by Chandrabati Academy - books.com.bd,http://books.com.bd/25951,1
শেয়াল হাঁটে দেয়ালে (Sheyal Hate Deyale) a book written by Hashem Khan and published by Chandrabati Academy - books.com.bd,http://books.com.bd/25952,1
শৌনক আর হাফ রাশান ইভানের অ্যাডভেঞ্চার (Shaunak R Half Russian Evaner Adventure) a book written by Zahid Reza Noor and published by Chandrabati Academy - books.com.bd,http://books.com.bd/25953,1
ষোলোয় দেখা ৭১ (Sholoi Dekha 71) a book written by Abdullah Al Amin and published by Chandrabati Academy - books.com.bd,http://books.com.bd/25954,1
সকালবেলার পাখি (Sokalbelar Pakhi) a book written by Rahim Shah and published by Chandrabati Academy - books.com.bd,http://books.com.bd/25955,1
সমুদ্রের নিচে কয়েকদিন (Samudrer Niche Koyekdin) a book written by Tapan Bandyopadhyay and published by Chandrabati Academy - books.com.bd,http://books.com.bd/25956,1
সাঁইজি (Saiji) a book written by Maruful Islam and published by Chandrabati Academy - books.com.bd,http://books.com.bd/25957,1
সুমনের বন্ধু (Sumoner Bondu) a book written by Kaijar Chowdhury and published by Chandrabati Academy - books.com.bd,http://books.com.bd/25958,1
সূর্য ওঠার সময় (Surjo Othar Somoy) a book written by Sujan Barua and published by Chandrabati Academy - books.com.bd,http://books.com.bd/25959,1
সোনালী দিনগুলি (Sonali Dinguli) a book written by Abul Maal Abdul muhit and published by Chandrabati Academy - books.com.bd,http://books.com.bd/25960,1
স্মৃতিময় কর্মজীবন (Sritimoy Kormojibon) a book written by Abul Maal Abdul muhit and published by Chandrabati Academy - books.com.bd,http://books.com.bd/25961,1
হরতালের ভূতবাবা (Hartaler Bhutbaba) a book written by Selina Hossain and published by Chandrabati Academy - books.com.bd,http://books.com.bd/25962,1
হাট্টিমাটিম ছড়া (Hatrimatim Chara) a book written by Rahim Shah and published by Chandrabati Academy - books.com.bd,http://books.com.bd/25963,1
শেল সিলভারস্টেন হে বিদেশি ছড়া (Shell Silverstein He Bideshi Chora) a book written by Amirul Islam and published by Chandrabati Academy - books.com.bd,http://books.com.bd/25964,1
২১ আগস্ট ষড়যন্ত্রের আরেকটি দিন ( 21 August Shorojontrere Arekti Din) a book written by Badrul Hasan Kochi and published by Shahityadesh - books.com.bd,http://books.com.bd/25966,1
অগ্নিবাণ (Agniban) a book written by Zafar Pathan and published by Shahityadesh - books.com.bd,http://books.com.bd/25967,1
অনলাইন সাংবাদিকতা (Online Shangbadikota ) a book written by Nasir Ahmad Russell and published by Shahityadesh - books.com.bd,http://books.com.bd/25968,1
অবরোধে প্রণয়রাত (Aborod Pronoyrat) a book written by Khan Chaman-e-Elahi and published by Shahityadesh - books.com.bd,http://books.com.bd/25969,1
অরণ্যানী (Aronnani) a book written by Al-Helal Azadi and published by Shahityadesh - books.com.bd,http://books.com.bd/25970,1
আব্দুল সংকট (Abdul Sankkat) a book written by Shafiq Hero and published by Shahityadesh - books.com.bd,http://books.com.bd/25971,1
আমার নয়নে তুমি (Amar Noyone Tumi) a book written by Mouli Malika Kamal and published by Shahityadesh - books.com.bd,http://books.com.bd/25972,1
উড়ন্ত ডানার দৈর্ঘ্যে (Uronto Danar Doirghe) a book written by Muhammad Nurul Huda and published by Shahityadesh - books.com.bd,http://books.com.bd/25973,1
এইখানে আমাদের হৃদয় (Eikhane Amader Hridoy) a book written by Kamal Ataur Rahman and published by Shahityadesh - books.com.bd,http://books.com.bd/25974,1
এক ঝুড়ি গল্প (Ek Jhuri Golpo) a book written by Pradip Kumar Karmakar and published by Shahityadesh - books.com.bd,http://books.com.bd/25975,1
একগুচ্ছ সাদা কবিতা (Ek Guccho Sada Kabita) a book written by Rishal Faisal and published by Shahityadesh - books.com.bd,http://books.com.bd/25976,1
এলাচিপুরের সেই লোক (Elachipurer Sei Look) a book written by Mahmud Kamal and published by Shahityadesh - books.com.bd,http://books.com.bd/25978,1
কান পেতে রই (Kaan Pete Roi) a book written by Ummy Habiba Munni and published by Shahityadesh - books.com.bd,http://books.com.bd/25979,1
কেরালা : সৌন্দর্যের দেবী (Kerala : Soundorjer Debi) a book written by Dr. Prabhas Chandra Roy and published by Shahityadesh - books.com.bd,http://books.com.bd/25980,1
কোকিলের ডাক (Kokiler Daak) a book written by Abdus Shukur Khan and published by Shahityadesh - books.com.bd,http://books.com.bd/25981,1
একদিন বুকজলে নেমে (Ekdin Bukjole Neme) a book written by S. M. Shamsul Alam and published by Shahityadesh - books.com.bd,http://books.com.bd/25977,1
চাই বিষ অমরতা (Chai Bish Amorota) a book written by Mahadeb Shaha and published by Shahityadesh - books.com.bd,http://books.com.bd/25983,1
ছড়া কবিতার অলংকার (Chorakobitar Alongkar) a book written by Hassan Raufun and published by Shahityadesh - books.com.bd,http://books.com.bd/25984,1
জনকের প্রতিকৃতি ও আমার কবিতা (Janaker Protikriti O Amar Kabita) a book written by  Mahbub Alotmus and published by Shahityadesh - books.com.bd,http://books.com.bd/25985,1
জল পাহাড় চার চমৎকার (Jalpahaar Char Chomotkar) a book written by Sajjad Kadir and published by Shahityadesh - books.com.bd,http://books.com.bd/25989,1
জলমহল (Jolmohol) a book written by Safina Akter and published by Shahityadesh - books.com.bd,http://books.com.bd/25990,1
জাতীয় সংসদে (Jatiyo Sanggsade) a book written by Sudhanshu Shekhar Haldar and published by Shahityadesh - books.com.bd,http://books.com.bd/25991,1
জিয়া মানে বিপ্লব (Zia Mane Biplob) a book written by Shamim Ansari and published by Shahityadesh - books.com.bd,http://books.com.bd/25992,1
জুলি রহমানের কবিতা (Julee Rahmaner Kabita) a book written by Julie Rahman and published by Shahityadesh - books.com.bd,http://books.com.bd/25993,1
জোছনার আলোয় অনূদিত বিষণ্নতা (Josner Aloway Anudito Bishannata) a book written by Iftekhar Halim and published by Shahityadesh - books.com.bd,http://books.com.bd/25994,1
ডাকে মহাকাল (Daake Mohakal) a book written by Nargis Parvin and published by Shahityadesh - books.com.bd,http://books.com.bd/25995,1
তৃষ্ণা প্রহর (Trisna Prohor) a book written by Shrabon Nazrul and published by Shahityadesh - books.com.bd,http://books.com.bd/25996,1
তোমায় প্রথম দেখেছি (Tomay Prothom Dekhechi) a book written by Dr. Prabhas Chandra Roy and published by Shahityadesh - books.com.bd,http://books.com.bd/25997,1
তোমার নামে একটা কুসুম ডেডিকেটেড টবে (Tomar Name Ekta Kusum Dediketet Tobe) a book written by Rahat Rasti and published by Shahityadesh - books.com.bd,http://books.com.bd/25998,1
দেখব বাংলাদেশ গড়ব বাংলাদেশ (Dekhbo Bangladesh Gorbo Bangladesh) a book written by Jahangir Alam Sobhan and published by Shahityadesh - books.com.bd,http://books.com.bd/25999,1
দ্রোহের দহন (Droher Dohon) a book written by Zafar Pathan and published by Shahityadesh - books.com.bd,http://books.com.bd/26000,1
নিজ দায়িত্বে হাসুন (Nij Dayittwe Hasun) a book written by Emon Chowdhury and published by Shahityadesh - books.com.bd,http://books.com.bd/26001,1
নীল ক্যাফের ভালোবাসা (Nile Caffeer Valobasha) a book written by Sohanur Rahman Ananta and published by Shahityadesh - books.com.bd,http://books.com.bd/26002,1
পুনর্নিবাচিত আমি (Punornirbachito Ami) a book written by Amitav Pal and published by Shahityadesh - books.com.bd,http://books.com.bd/26003,1
প্রিয় কবিতা (Priyo Kobita [GB]) a book written by Gauri Shankar Bandyopadhyay and published by Shahityadesh - books.com.bd,http://books.com.bd/26004,1
প্রিয় স্বদেশ (Priyo Shawdesh) a book written by Kamal Ataur Rahman and published by Shahityadesh - books.com.bd,http://books.com.bd/26005,1
প্রেম কখনো মধুর কখনো বেদনাবিধুর (Prem Kokhono Modur Kokhono Bedonabidhur) a book written by Obaidul Haque Milon and published by Shahityadesh - books.com.bd,http://books.com.bd/26006,1
বাংলাদেশে ভাসানী ন্যাপের রাজনীতি (Bangladesh Bhasani Naper Rajniti) a book written by Shamima Aktar Lipi and published by Shahityadesh - books.com.bd,http://books.com.bd/26012,1
ফেঁসে গেলেন গেদু চাচা (Fese Gelen Gedu Chacha) a book written by Md. Moin Uddin and published by Shahityadesh - books.com.bd,http://books.com.bd/26007,1
ফেনীর সাংবাদিক ও সংবাদপত্র (Fenir Sangbadik O Songbadpatro) a book written by Shahadat Hossain and published by Shahityadesh - books.com.bd,http://books.com.bd/26008,1
ফেসবুক ট্রায়াঙ্গল  (Facebook Triangle) a book written by Rahmatun Noman and published by Shahityadesh - books.com.bd,http://books.com.bd/26010,1
বাংলা সাহিত্য পরিচয় (Bangla Shahitto Parichoy) a book written by Kamal Ataur Rahman and published by Shahityadesh - books.com.bd,http://books.com.bd/26011,1
বিরহী নোলক (Birohee Nolok) a book written by Nargis Parvin and published by Shahityadesh - books.com.bd,http://books.com.bd/26014,1
বেঁচে আছি স্বপ্নমানুষ (Beche Achi Sopnomanus) a book written by Mahadeb Shaha and published by Shahityadesh - books.com.bd,http://books.com.bd/26015,1
মুজিবনামা (Mujibnama) a book written by Shafiq Hero and published by Shahityadesh - books.com.bd,http://books.com.bd/26016,1
মুষ্টিবদ্ধ হাত (Mustibaddho Hat) a book written by Zafar Pathan and published by Shahityadesh - books.com.bd,http://books.com.bd/26017,1
রাজার হুকুম (Rajar Hukum) a book written by Mullah Jaman and published by Shahityadesh - books.com.bd,http://books.com.bd/26018,1
শেক্সপিয়ারের গল্প (Shakespearer Golpo) a book written by Reza Karim and published by Shahityadesh - books.com.bd,http://books.com.bd/26021,1
শিশু ও শিশু (Shishu O Shishu ) a book written by Shafiq Hero and published by Shahityadesh - books.com.bd,http://books.com.bd/26020,1
শ্রাবণে বর্ষা (Srabone Barsha) a book written by Obaidul Haque Milon and published by Shahityadesh - books.com.bd,http://books.com.bd/26022,1
স্বপ্ননারী (Swopnanaree) a book written by NHK Mithu and published by Shahityadesh - books.com.bd,http://books.com.bd/26027,1
সংবাদে বৈচিত্র্য (Sangbade Boichitro) a book written by Shawkat Ali Ratan and published by Shahityadesh - books.com.bd,http://books.com.bd/26023,1
সংশপ্তক শেখ হাসিনা (Songsaptok Shekh Hasina) a book written by Tanvir Aladdin and published by Shahityadesh - books.com.bd,http://books.com.bd/26024,1
সময়ের কথা (Somoyer Katha) a book written by MM Khaled Saifullah and published by Shahityadesh - books.com.bd,http://books.com.bd/26025,1
সহচিন্তন (Sahochinton) a book written by Sajjad Kadir and published by Shahityadesh - books.com.bd,http://books.com.bd/26026,1
স্বপ্ননোঙর (Swapnonongar) a book written by Abdur Rahim Azad and published by Shahityadesh - books.com.bd,http://books.com.bd/26028,1
বাংলাদেশের কবি ও কবিতা (Bangladesher Kobi O Kobita [SS]) a book written by Shafiq Saiful and published by Shahityadesh - books.com.bd,http://books.com.bd/26013,1
লক্ষ্য আমার পক্ষ নেওয়া (Lokkho Amar Pokkho Neoya) a book written by Akhtaruzzaman Azad and published by Shahityadesh - books.com.bd,http://books.com.bd/26019,1
টাইম মেশিন (Time Machine) a book written by Mostafa Mir and published by Bornayon - books.com.bd,http://books.com.bd/25355,1
ধর্ম নৈতিকতা ও জীবনদর্শন (Dhormo Noitikota O Jibondorshon) a book written by J. H. Talukder and published by Boipotro Prokashon - books.com.bd,http://books.com.bd/26102,1
দোলা (Dola) a book written by P. R. Placid and published by Boipotro Prokashon - books.com.bd,http://books.com.bd/26101,1
টোকিওর চিঠি (Tokyor Chithi) a book written by P. R. Placid and published by Boipotro Prokashon - books.com.bd,http://books.com.bd/26098,1
জঙ্গী মৌলবাদ ও বিপন্ন মানবাধিকার (Zonggi Moilbad O Biponno Manobadikar) a book written by Shahriyar Kabir and published by Boipotro Prokashon - books.com.bd,http://books.com.bd/26097,1
চৌকাঠ পেরিয়ে (Chokath Periye) a book written by Kamalakoli and published by Boipotro Prokashon - books.com.bd,http://books.com.bd/26096,1
চাঁদবেগের গড় (Chadbeger Gor) a book written by Khalekadad Chowdhury and published by Boipotro Prokashon - books.com.bd,http://books.com.bd/26095,1
উজানের যাত্রী (Uzaner Jatri) a book written by Md Jaynul Abedin and published by Boipotro Prokashon - books.com.bd,http://books.com.bd/26088,1
এন ইন্ট্রোডাকশন টু অ্যাপ্লায়েড লিঙ্গুইস্টিক্স এন্ড ইএলটি (An Introduction To Applied Linguistics And ELT) a book written by Zurana Aziz and published by Boipotro Prokashon - books.com.bd,http://books.com.bd/26078,1
ব্যাংকিং ফিন্যান্স ইকোনোমিক্স এ্যান্ড ক্যাপিটাল মার্কেট (Banking Finance Economics and Capital Market) a book written by Nasiruddin Ahmed and published by Boipotro Prokashon - books.com.bd,http://books.com.bd/26079,1
ইফেক্টিভ টিচিং স্কীলস (Effective Teaching Skills) a book written by Professor Dr. M. A. Hannan Feroz and published by Boipotro Prokashon - books.com.bd,http://books.com.bd/26080,1
অপোজিটস অ্যাট্রাক (Opposites Attract) a book written by Remi Stephanie Rozario and published by Boipotro Prokashon - books.com.bd,http://books.com.bd/26081,1
সিলেক্টেড পয়েমস অব কাজী রোজি (Selected Poems of Quazi Rosy() a book written by Siddique Mahmudur Rahman and published by Boipotro Prokashon - books.com.bd,http://books.com.bd/26082,1
দ্য মেটার ফ্রাঙ্কীন ক্যান্সেলেশন অব বাংলাদেশ (The Meter Franking Cancellation of Bangladesh) a book written by Istiak Ahmed Khan and published by Boipotro Prokashon - books.com.bd,http://books.com.bd/26083,1
অনিত্য স্বর  (Anittyo Shor) a book written by Mahmuda Runu and published by Boipotro Prokashon - books.com.bd,http://books.com.bd/26084,1
আলো আঁধারের সাতকাহন (Alo Adarer Satkahon) a book written by Kashafia Akhi and published by Boipotro Prokashon - books.com.bd,http://books.com.bd/26086,1
ইংরেজি বর্ণমালায় বাংলা ভাষার পাঠ (English Bornnomalay Bangla Vashar Path) a book written by Mozammel Haque and published by Boipotro Prokashon - books.com.bd,http://books.com.bd/26087,1
অন্য রকম সুখ (Anno Rokom Shukh) a book written by Rita Alam and published by Boipotro Prokashon - books.com.bd,http://books.com.bd/26085,1
একজন মহানায়কের কথা (Ekjon Mohanaoker Katha) a book written by Eindrilla Ahmed and published by Boipotro Prokashon - books.com.bd,http://books.com.bd/26089,1
একটি আত্মার অপমৃত্যু (Ekti Atmar Apomitru) a book written by Khalekadad Chowdhury and published by Boipotro Prokashon - books.com.bd,http://books.com.bd/26090,1
এলার্জি ও এ্যাজমা রোগ ও প্রতিকার (Allergy O Asthma Rog O Protikar) a book written by Dr. Govinda Chandra Das and published by Boipotro Prokashon - books.com.bd,http://books.com.bd/26091,1
কিংবদন্তি জাতীয় নেতা আব্দুর রাজ্জাক  (Kingbodontti Jatiyo Neta  Abdur Razzak) a book written by Mahbubur Rahman Ripon and published by Boipotro Prokashon - books.com.bd,http://books.com.bd/26092,1
কোরআন কণিকা (Qur'an Kanika) a book written by Mohammad Abdur Razak and published by Boipotro Prokashon - books.com.bd,http://books.com.bd/26093,1
চড়ুই পাখির কিচির মিচির (Chorui Pakhir Kichir Michir) a book written by Hasan Sharif and published by Boipotro Prokashon - books.com.bd,http://books.com.bd/26094,1
সোনামণিদের প্রিয় ঠাকুরমার ঝুলি (Sonamonider Prio Thakurmar Jhuli) a book written by  and published by Boipotro Prokashon - books.com.bd,http://books.com.bd/26099,1
দুর্দম্য কৈশোর (Durdommo Koishor) a book written by Jewel Ahsan Kamrul and published by Boipotro Prokashon - books.com.bd,http://books.com.bd/26100,1
ইচ্ছেরা সব (Issera Sob) a book written by Sayeed Abdul Karim and published by University Book Publishers - books.com.bd,http://books.com.bd/3742,1
হাসির পাঁচ উপন্যাস (Hashir Pach Uponnash) a book written by Mostafa Mamun and published by Pearl Publications - books.com.bd,http://books.com.bd/10969,1
হলিউডের হইচই সাহেব (Hollywooder Hoichoi Shaheb) a book written by Faridur Reja Shagor and published by Anyaprokash - books.com.bd,http://books.com.bd/216,1
আজগুবি রাত (Ajgubi Rat) a book written by Sayed Monjurul Islam and published by Anyaprokash - books.com.bd,http://books.com.bd/434,1
হংকং-এর হাক্কানী সাহেব (Hong Konger Hakkani Shaheb) a book written by Faridur Reja Shagor and published by Anyaprokash - books.com.bd,http://books.com.bd/439,1
দারুচিনি দ্বীপে (Daruchini Deepe) a book written by Rabeya Khatun and published by Anyaprokash - books.com.bd,http://books.com.bd/446,1
আপ্যায়ন (Appayan) a book written by Shawkat Osman and published by Anyaprokash - books.com.bd,http://books.com.bd/479,1
বঙ্গবন্ধুর সমাধিতে  (Bongobondhur Somadhite) a book written by Syed Shamsul Haque and published by Anyaprokash - books.com.bd,http://books.com.bd/526,1
এক মূঠো জন্মভূমি (Ek Mutho Jonmobhumi) a book written by Syed Shamsul Haque and published by Anyaprokash - books.com.bd,http://books.com.bd/597,1
পৃথিবী তোমাকে আমি ভালবাসি (Prithimi Tomake Ami Bhalobashi) a book written by Mahadeb Shaha and published by Anyaprokash - books.com.bd,http://books.com.bd/780,1
আমার চোখ (Amar Chokeh) a book written by Anisujjaman and published by Anyaprokash - books.com.bd,http://books.com.bd/565,1
ভ্যালেন্টাইন জোকস (Valentine Jokes) a book written by Ahsan Habeeb and published by Anyaprokash - books.com.bd,http://books.com.bd/80,1
চারটি কিশোর উপন্যাস (Charti Kishor Upannash) a book written by Nasreen Jahan and published by Anyaprokash - books.com.bd,http://books.com.bd/40,1
পাঁচটি উপন্যাস (Pachti Uponnash) a book written by Nasreen Jahan and published by Anyaprokash - books.com.bd,http://books.com.bd/55,1
মেঘের সোনালী চুল (Megher Shonali Chul) a book written by Nasreen Jahan and published by Anyaprokash - books.com.bd,http://books.com.bd/373,1
স্বর্ণলোকের ঘোড়া (Shornoloker Ghora) a book written by Nasreen Jahan and published by Anyaprokash - books.com.bd,http://books.com.bd/665,1
গোরোস্তানের কোকিলের করূণ আহ্ববান (Gorosthane Kokiler Korun Ahban) a book written by Shamsur Rahman and published by Anyaprokash - books.com.bd,http://books.com.bd/188,1
মুক্তিযুদ্ধের কবিতা (Muuktijuddher Kobita) a book written by Kabir Choudhury and published by Anyaprokash - books.com.bd,http://books.com.bd/815,1
আমার পিতার মুখ (Amar Pitar Mukh) a book written by Sirajul Islam Choudhury and published by Anyaprokash - books.com.bd,http://books.com.bd/357,1
ছোবল (Chobol) a book written by Hasan Ajijul Haque and published by Anyaprokash - books.com.bd,http://books.com.bd/22200,1
তিন পর্বের জীবন (Tin Prober Jibon) a book written by Sayed Monjurul Islam and published by Anyaprokash - books.com.bd,http://books.com.bd/371,1
তিনটি কিশোর উপন্যাস (Tinti Kishor Uponnash) a book written by Swadesh Ray and published by Anyaprokash - books.com.bd,http://books.com.bd/77,1
কার্নিশে ঝুলন্ত গোলাপ (Kernish E Jhulonto Golap) a book written by Anwara Sayed Haque and published by Anyaprokash - books.com.bd,http://books.com.bd/157,1
কালের ধুলোয় লেখা (Kaler Dhuloy Lekha) a book written by Shamsur Rahman and published by Anyaprokash - books.com.bd,http://books.com.bd/90,1
নীল মশা (Neel Mosha) a book written by Zakaria Shawpan and published by Anyaprokash - books.com.bd,http://books.com.bd/207,1
ফিরে আসা (Fire Asha) a book written by Rahat Khan and published by Anyaprokash - books.com.bd,http://books.com.bd/630,1
শেক্সপীয়ারের গল্প (Shakespeareer Golpo) a book written by Kabir Choudhury and published by Anyaprokash - books.com.bd,http://books.com.bd/820,1
অধিকারভিত্তিক উন্নয়ন (Odhikarbhittik Unnayan) a book written by Atiur Rahman and published by Anyaprokash - books.com.bd,http://books.com.bd/62,1
বাংলাদেশ আমার বাংলাদেশ (Bangladesh Amar Bangladesh) a book written by Ramendu Majumdar and published by Anyaprokash - books.com.bd,http://books.com.bd/528,1
উপন্যাস সমগ্র-৬ (Uponnash Shomogro [Ssh] -6) a book written by Syed Shamsul Haque and published by Anyaprokash - books.com.bd,http://books.com.bd/363,1
শ্রেষ্ঠ কবিতা (Sreshtho Kobita [Anannya]) a book written by Mohammad Sadiq and published by Anannya - books.com.bd,http://books.com.bd/10202,1
মেঘপাহাড় (Meghpahar) a book written by Wasi Ahmed and published by Oitijjhya - books.com.bd,http://books.com.bd/2725,1
হাসান হাফিজুর রহমান জীবন ও সাহিত্য (Hasan Hafizur Rahman jibon o sahitto) a book written by Other and published by Oitijjhya - books.com.bd,http://books.com.bd/3024,1
শিরস্ত্রাণ গুলি (Shirostran Guli) a book written by Other and published by Oitijjhya - books.com.bd,http://books.com.bd/3304,1
ত্বক ও চুলের যত্ন (Twok O Chuler Jotno) a book written by Dr. Wainza and published by Oitijjhya - books.com.bd,http://books.com.bd/3306,1
বাংলাদেশের পাখি (Bangladesher Pakhi [MAT]) a book written by M. A. Taher and published by Oitijjhya - books.com.bd,http://books.com.bd/3403,1
হৃদয় বদল (Hridoy Bodol) a book written by Nijamuddin Lashkar and published by Oitijjhya - books.com.bd,http://books.com.bd/2567,1
জঙ্গিবাদ ও গণমাধ্যম (Jinghibad O Gonomaddhom) a book written by Ziaul Kabir Suman and published by Oitijjhya - books.com.bd,http://books.com.bd/27983,1
Bigganer Darshon (বিজ্ঞানের দর্শন ) book details - books.com.bd,http://books.com.bd/29367,1
শ্রেষ্ঠ রোমান্টিক উপন্যাস (Sreshtho Romantice Uponyash [HA]) a book written by Humayun Ahmed and published by Anupam Prokashoni - books.com.bd,http://books.com.bd/10849,1
কাজলের দিনরাত্রি (Kajoler Dinratri) a book written by Muhammed Zafar Iqbal and published by Anupam Prokashoni - books.com.bd,http://books.com.bd/17147,1
স্ক্রিবলস (প্রগা রহমান) book details - books.com.bd,http://books.com.bd/29366,1
যত দূরে যাই (Jotodure Jai [Afbr]) a book written by Imdadul Haque Milon and published by Afsar Brothers - books.com.bd,http://books.com.bd/17660,1
বুক অব নলেজ (Book Of Knowledge [Afsar Brths]) a book written by Sikdar Abul Bashar and published by Afsar Brothers - books.com.bd,http://books.com.bd/27744,1
নীলকে পরীরা নিয়ে গিয়েছিল (Neelake Porira Niye Giyechilo) a book written by Sarwar-ul-Islam and published by Anannya - books.com.bd,http://books.com.bd/10812,1
নাটক নাটোরে (Natok Natore) a book written by Faridur Reja Shagor and published by Anannya - books.com.bd,http://books.com.bd/10273,1
বাংলাদেশের ফুল (Bangladesher Ful) a book written by M. A. Taher and published by Anannya - books.com.bd,http://books.com.bd/9801,1
আমাজনিয়া  (Amajaniya) a book written by James Rollins and published by Baatighar - books.com.bd,http://books.com.bd/29365,1
হেডহান্টারস  (Headhunters) a book written by Joe Nesbo and published by Baatighar - books.com.bd,http://books.com.bd/29364,1
দ্য বয় ইন দি স্ট্রাইপ্‌ড পাজামাস (The Boy In The Striped Pajamas) a book written by John Boyen and published by Baatighar - books.com.bd,http://books.com.bd/29363,1
দ্য ড্রেসডেন ফাইল্‌স : স্টর্ম ফ্রন্ট  (The Dresden Files: Storm Front) a book written by Jim Butcher and published by Baatighar - books.com.bd,http://books.com.bd/29362,1
দ্য ডিভোশন অব সাসপেক্ট এক্স  (The Divorce Of Suspicious X) a book written by Keigo Higashino and published by Baatighar - books.com.bd,http://books.com.bd/29361,1
সাম্ভালা (এক রোমাঞ্চকর অভিযাত্রা)  (Samvala) a book written by Shariful Hasan and published by Baatighar - books.com.bd,http://books.com.bd/29360,1
সময়ের সিঁড়ি বেয়ে একটি বুলেট  (Somoye Siri Beye Ekti Bullet) a book written by Javed Rasin and published by Baatighar - books.com.bd,http://books.com.bd/29359,1
রিটা হেওয়ার্থ অ্যান্ড শশাঙ্ক রিডেম্পশান (Rita Hayworth And Shashanka Redemption) a book written by Stephen King and published by Baatighar - books.com.bd,http://books.com.bd/29358,1
মিনিমালিস্ট (Minimalist) a book written by Mashudul Haque and published by Baatighar - books.com.bd,http://books.com.bd/29357,1
ব্ল্যাকগেট (Blackgete) a book written by Javed Rasin and published by Baatighar - books.com.bd,http://books.com.bd/29356,1
বিস্তৃত আধাঁর (Britrito Adhar) a book written by Javed Rasin and published by Baatighar - books.com.bd,http://books.com.bd/29355,1
বিফোর দ্য ফল (Before The Fall) a book written by Noah Hawley and published by Baatighar - books.com.bd,http://books.com.bd/29354,1
দ্য ড্রেসডেন ফাইল্‌স: ফুলমুন  (The Dresden Files: Fullmoon) a book written by Jim Butcher and published by Baatighar - books.com.bd,http://books.com.bd/29353,1
ফার্স্ট ফ্যামিলি (First Family) a book written by David Baldashi and published by Baatighar - books.com.bd,http://books.com.bd/29352,1
ফলেন (Fallen) a book written by Carin Slater and published by Baatighar - books.com.bd,http://books.com.bd/29351,1
নেমেসিস  (Nemesis [AA]) a book written by Isaac Asimov and published by Baatighar - books.com.bd,http://books.com.bd/29350,1
থ্রি: ফরটিসিক্স এ. এম  (Three: Fertiysix A M) a book written by NICK PIROG and published by Baatighar - books.com.bd,http://books.com.bd/29349,1
থ্রি : টেন এ এম ৩:১০ এএম (Three: Ten A M 3:10 AM) a book written by NICK PIROG and published by Baatighar - books.com.bd,http://books.com.bd/29348,1
থ্রি এ এম (THREE AM) a book written by NICK PIROG and published by Baatighar - books.com.bd,http://books.com.bd/29347,1
থ্রি : টোয়েন্টিওয়ান এএম : থ্রি: থার্টিফোর এএম (Three: Twentiwan AM: Three: Thirtyfour AM) a book written by NICK PIROG and published by Baatighar - books.com.bd,http://books.com.bd/29346,1
তমিস্রা  (Tomisra) a book written by Javed Rasin and published by Baatighar - books.com.bd,http://books.com.bd/29345,1
ডাবল ইনডেমনিটি (Double Indemnity) a book written by Tanjirul Islam and published by Baatighar - books.com.bd,http://books.com.bd/29344,1
ডানায় আগুন (Danay Agun) a book written by Ariyan shuvo and published by Baatighar - books.com.bd,http://books.com.bd/29343,1
ডগমা (Dogma) a book written by Javed Rasin and published by Baatighar - books.com.bd,http://books.com.bd/29342,1
ট্র্যাশ (Trash) a book written by Andy Mulligan and published by Baatighar - books.com.bd,http://books.com.bd/29341,1
টেল নো ওয়ান (Tel No One) a book written by HARLAN COBEN and published by Baatighar - books.com.bd,http://books.com.bd/29340,1
চন্দ্রাহত (Chandrahoto) a book written by Javed Rasin and published by Baatighar - books.com.bd,http://books.com.bd/29339,1
ড্রেসডেন ফাইল্‌স: গ্রেভ পেরিল  (Dresden files: Ggrave Peril) a book written by Jim Butcher and published by Baatighar - books.com.bd,http://books.com.bd/29338,1
দ্য ক্লায়েন্ট (The Client) a book written by John Grisham and published by Baatighar - books.com.bd,http://books.com.bd/29337,1
আর্কন (Arcon) a book written by Tanjim Rahman and published by Baatighar - books.com.bd,http://books.com.bd/29336,1
আফটার ডার্ক (After Dark) a book written by Haruki Murakami and published by Baatighar - books.com.bd,http://books.com.bd/29335,1
অসূয়া (Asuya) a book written by Javed Rasin and published by Baatighar - books.com.bd,http://books.com.bd/29334,1
অক্টারিন  (Octarine) a book written by Tanjim Rahman and published by Baatighar - books.com.bd,http://books.com.bd/29333,1
আরোহী অন্ধ প্রহর  (Arohee Andho Prohor) a book written by Robin Zaman Khan and published by Baatighar - books.com.bd,http://books.com.bd/29332,1
আর আমি হবো ধ্বংসতারা  (Aar Ami Hobo Dhongsotara) a book written by Tanjim Rahman and published by Baatighar - books.com.bd,http://books.com.bd/29331,1
আঁধারের যাত্রী (Adharer Jatri) a book written by Shariful Hasan and published by Baatighar - books.com.bd,http://books.com.bd/29330,1
আঁধারের গহীন নিরুদ্দেশে  (Andhare Goheen Niruddese) a book written by Wasi Ahmed and published by Baatighar - books.com.bd,http://books.com.bd/29329,1
আওলাদ মিয়ার ভাতের হোটেল (Awlad Miar Vaater Hotel) a book written by Niaz Mehdi and published by Baatighar - books.com.bd,http://books.com.bd/29328,1
সপ্ত রিপু (Sopto Ripu) a book written by Robin Zaman Khan and published by Baatighar - books.com.bd,http://books.com.bd/29327,1
সিসিফাসে বন্দি (Sisifase Bondi) a book written by Tania Sultana and published by Baatighar - books.com.bd,http://books.com.bd/29326,1
সপ্তশ (Soptos) a book written by Saleh Tiass and published by Baatighar - books.com.bd,http://books.com.bd/29325,1
শ্বাপদ সনে (Shapod Shone) a book written by Nabil Muhsatim and published by Baatighar - books.com.bd,http://books.com.bd/29324,1
শঙ্খরঙা জল (Shongkhoronga Jol) a book written by Tania Sultana and published by Baatighar - books.com.bd,http://books.com.bd/29323,1
দ্য লস্ট সিম্বল  (The Lost Symbol) a book written by Dan Brown and published by Baatighar - books.com.bd,http://books.com.bd/29322,1
রাত্রি শেষের গান (Ratri Sheser Gaan) a book written by Shariful Hasan and published by Baatighar - books.com.bd,http://books.com.bd/29321,1
রবীন্দ্রনাথ এখানে কখনও খেতে আসেন নি (Robindonath Ekhane Kkhono Khete Asen Ni) a book written by Mohammad Nazim Uddin and published by Baatighar - books.com.bd,http://books.com.bd/29320,1
যে হীরকখণ্ডে ঘুমিয়ে কুকুরদল  (Je Hirokkhonde Ghumie Kukurdol) a book written by Kishore Pasha Emon and published by Baatighar - books.com.bd,http://books.com.bd/29319,1
মেঘ বিষাদের গল্প (Megh Bisader Golpo) a book written by Shariful Hasan and published by Baatighar - books.com.bd,http://books.com.bd/29318,1
মৃত্যু দিয়ে ভরা চাঁদ  (Mrittu Dea Vora Chand) a book written by Shahed Zaman and published by Baatighar - books.com.bd,http://books.com.bd/29317,1
মৃগতৃষা  (Mrigotrisha) a book written by Kishore Pasha Emon and published by Baatighar - books.com.bd,http://books.com.bd/29316,1
মিথস্ক্রিয়া  (Mithoscriya) a book written by Kishore Pasha Emon and published by Baatighar - books.com.bd,http://books.com.bd/29315,1
মানসা (Manosha) a book written by Shahnaz Panna and published by Baatighar - books.com.bd,http://books.com.bd/29314,1
বাজিকর  (Bajikor) a book written by Nabil Muhsatim and published by Baatighar - books.com.bd,http://books.com.bd/29313,1
বাজি (Bazi) a book written by Nabil Muhsatim and published by Baatighar - books.com.bd,http://books.com.bd/29312,1
ফোরটিএইট আওয়ার্স (Forty Eight Hours) a book written by Robin Zaman Khan and published by Baatighar - books.com.bd,http://books.com.bd/29311,1
ফিনিক্স (Phoenix) a book written by Zahid Hossain and published by Baatighar - books.com.bd,http://books.com.bd/29310,1
পেন্ডুলাম (Pendulum) a book written by Mohammad Nazim Uddin and published by Baatighar - books.com.bd,http://books.com.bd/29308,1
ইনফার্নো  (Inferno) a book written by Dan Brown and published by Baatighar - books.com.bd,http://books.com.bd/29288,1
নেমেসিস (Nemesis) a book written by Mohammad Nazim Uddin and published by Baatighar - books.com.bd,http://books.com.bd/29307,1
নেক্সাস (Nexus) a book written by Mohammad Nazim Uddin and published by Baatighar - books.com.bd,http://books.com.bd/29306,1
নিশাচর (Nishachor) a book written by Bappi Khan and published by Baatighar - books.com.bd,http://books.com.bd/29305,1
নিখোঁজকাব্য (Nikhajkabbo) a book written by Salman Haque and published by Baatighar - books.com.bd,http://books.com.bd/29304,1
দ্য দা ভিঞ্চি কোড (The Da Vinci Code) a book written by Dan Brown and published by Baatighar - books.com.bd,http://books.com.bd/29303,1
থৃলার গল্পসঙ্কলন -৪ (Thriller Golposongkolon-4) a book written by Mohammad Nazim Uddin and published by Baatighar - books.com.bd,http://books.com.bd/29302,1
থৃলার গল্পসঙ্কলন-৩ (Thriller Golposongkolon-3) a book written by Mohammad Nazim Uddin and published by Baatighar - books.com.bd,http://books.com.bd/29301,1
থৃলার গল্প সংকলন-২ (Thriller Golpo Songkolon-2) a book written by Mohammad Nazim Uddin and published by Baatighar - books.com.bd,http://books.com.bd/29300,1
থৃলার গল্প সংকলন (Thriller Golpo Songkolon) a book written by Mohammad Nazim Uddin and published by Baatighar - books.com.bd,http://books.com.bd/29299,1
ডিসেপশন পয়েন্ট (Deception Point) a book written by Dan Brown and published by Baatighar - books.com.bd,http://books.com.bd/29298,1
জাল (Jal) a book written by Mohammad Nazim Uddin and published by Baatighar - books.com.bd,http://books.com.bd/29297,1
জনারন্যে একা কয়েকজন  (Janaranyae Eka Koyekjon) a book written by Shariful Hasan and published by Baatighar - books.com.bd,http://books.com.bd/29296,1
কেউ কেউ কথা রাখে (Keu Keu Katha Rakhe) a book written by Mohammad Nazim Uddin and published by Baatighar - books.com.bd,http://books.com.bd/29295,1
কাদ্যুসেয়াস (Kadduseas) a book written by Zahid Hossain and published by Baatighar - books.com.bd,http://books.com.bd/29294,1
করাচি (Korachi) a book written by Mohammad Nazim Uddin and published by Baatighar - books.com.bd,http://books.com.bd/29293,1
কন্ট্রাক্ট  (Contract) a book written by Mohammad Nazim Uddin and published by Baatighar - books.com.bd,http://books.com.bd/29292,1
কনফেশন (Confession) a book written by Mohammad Nazim Uddin and published by Baatighar - books.com.bd,http://books.com.bd/29291,1
একজোড়া চোখ খোঁজে আরেক জোড়া চোখকে (Ek Jora Chokh  Khoje Arek Jora Chokheke) a book written by Zahid Hossain and published by Baatighar - books.com.bd,http://books.com.bd/29290,1
ঈশ্বরের মুখোশ (Ishworer Mukosh) a book written by Zahid Hossain and published by Baatighar - books.com.bd,http://books.com.bd/29289,1
অস্পৃশ্যতা  (Oshprissota) a book written by  Najrul Islam and published by Baatighar - books.com.bd,http://books.com.bd/29287,1
আলবা নেরা (Alba Nera) a book written by Tania Sultana and published by Baatighar - books.com.bd,http://books.com.bd/29286,1
অরিজিন (Origin) a book written by Dan Brown and published by Baatighar - books.com.bd,http://books.com.bd/29285,1
অপার্থিব (Oparthib) a book written by Susmay  Sumon and published by Baatighar - books.com.bd,http://books.com.bd/29284,1
১৯৫২ : নিছক কোন সংখ্যা নয় (1952 : Nechok Kono Songkha Noy) a book written by Mohammad Nazim Uddin and published by Baatighar - books.com.bd,http://books.com.bd/29283,1
২৫ শে মার্চ (25 Se March ) a book written by Robin Zaman Khan and published by Baatighar - books.com.bd,http://books.com.bd/29282,1
হুমায়ুননামা (Humayunama) a book written by Gulbadan Begum and published by Gyankosh Prakashani - books.com.bd,http://books.com.bd/21722,1
হিমুর রূপালী রাত্রি (Himur Rupali Ratri) a book written by Humayun Ahmed and published by Gyankosh Prakashani - books.com.bd,http://books.com.bd/21559,1
হিমু এবং একটি রাশিয়ান পরী (Himu Ebong Ekti Russian Pori) a book written by Humayun Ahmed and published by Gyankosh Prakashani - books.com.bd,http://books.com.bd/21754,1
হাসতে মানা (Hashte Mana ) a book written by Kazi Abdul Alim and published by Gyankosh Prakashani - books.com.bd,http://books.com.bd/21584,1
কোরআনের আলেকে সৌন্দর্যতত্ত্ব (Shoundorjototto) a book written by S. M. Zakir Hussain and published by Gyankosh Prakashani - books.com.bd,http://books.com.bd/21699,1
সৃষ্টিকর্তা সত্যিই আছেন! (Srishtikorta Shottii Achen!) a book written by S. M. Zakir Hussain and published by Gyankosh Prakashani - books.com.bd,http://books.com.bd/21686,1
সূর্যের দিন  (Surjer Din) a book written by Humayun Ahmed and published by Gyankosh Prakashani - books.com.bd,http://books.com.bd/21550,1
সুঅর্থবোধক নাম শব্দকোষ (Shuorthobodhok Nam Shobdokosh ) a book written by Khandakar Mashhud-Ul-Hassan and published by Gyankosh Prakashani - books.com.bd,http://books.com.bd/21633,1
সাফল্যের মন্ত্র (Safoller Montro) a book written by Aug Mandino and published by Gyankosh Prakashani - books.com.bd,http://books.com.bd/29281,1
স্রষ্টার সন্ধানে  (Sroshtar Shondhane ) a book written by Shamayel and published by Gyankosh Prakashani - books.com.bd,http://books.com.bd/21635,1
সময়ের হিসাবে ভুল (Somoyer Hishabe Bhul) a book written by Abdul Kaderi and published by Gyankosh Prakashani - books.com.bd,http://books.com.bd/21748,1
শীত ও অন্যান্য গল্প (Sheet O Onnanno Golpo) a book written by Humayun Ahmed and published by Gyankosh Prakashani - books.com.bd,http://books.com.bd/21556,1
শিক্ষা পরিভাষা কোষ (Shikkha Poribhasha Kosh [gp]) a book written by Dr. Sultan Mahmud Bhuiyan and published by Gyankosh Prakashani - books.com.bd,http://books.com.bd/21746,1
শিশুতোষ গল্পসমগ্র (Shishutosh Golposamogro) a book written by Sukumar Roy and published by Gyankosh Prakashani - books.com.bd,http://books.com.bd/29280,1
রুবাইয়াৎ-ই-জালালউদ্দীন (Rubaiyat-E-Jalaluddin) a book written by Muhammad Jalaluddin Biswas and published by Gyankosh Prakashani - books.com.bd,http://books.com.bd/29279,1
রস-কষ (Rosh-Kosh) a book written by Ahsan Habeeb and published by Gyankosh Prakashani - books.com.bd,http://books.com.bd/21753,1
মোগল সম্রাট আওরঙ্গজেব (Mogol Somrat Aourongojeb) a book written by Muhammad Jalaluddin Biswas and published by Gyankosh Prakashani - books.com.bd,http://books.com.bd/29278,1
মেঘের আড়ালে চাঁদ: সত্যকে দেখার অব্যর্থ উপায় (Megher Arale Chaad: Shottoke Dekhar Obyartho Upay) a book written by S. M. Zakir Hussain and published by Gyankosh Prakashani - books.com.bd,http://books.com.bd/21764,1
মানুষের আদি উৎস (Manusher Adi Uthsho ) a book written by Akhtar-Ul-Alam and published by Gyankosh Prakashani - books.com.bd,http://books.com.bd/21599,1
মানুষের মূল্য এবং সত্য (Manusher Mullo Ebong Shotto) a book written by S. M. Zakir Hussain and published by Gyankosh Prakashani - books.com.bd,http://books.com.bd/21704,1
মহাকাশে মহাত্রাস (Mohakashe Mohatrash ) a book written by Muhammed Zafar Iqbal and published by Gyankosh Prakashani - books.com.bd,http://books.com.bd/21603,1
মক্কার পথ (Mokkar Poth ) a book written by Shahed Ali and published by Gyankosh Prakashani - books.com.bd,http://books.com.bd/21604,1
মহাপুরুষ (Mohapurush) a book written by Humayun Ahmed and published by Gyankosh Prakashani - books.com.bd,http://books.com.bd/21551,1
ভৌতিক অমনিবাস (Bhoutik Omonibash [HA]) a book written by Humayun Ahmed and published by Gyankosh Prakashani - books.com.bd,http://books.com.bd/21532,1
ভিন গ্রহের প্রাণের সন্ধানে  (Bhingroher Praner Shondhane ) a book written by Anisul Hoque and published by Gyankosh Prakashani - books.com.bd,http://books.com.bd/21531,1
"ভালোবাসো, বাঁচো (Bhalobasho, Bacho ) a book written by Anisul Hoque and published by Gyankosh Prakashani - books.com.bd",http://books.com.bd/21530,1
ব্যাঙকে খাও চুমু! (Bangke Khao Chumu!) a book written by Brian Tracy and published by Gyankosh Prakashani - books.com.bd,http://books.com.bd/29277,1
বিদেহী প্রেমের পংক্তিমালা (Bideshi Premer Pongktimala) a book written by S. M. Zakir Hussain and published by Gyankosh Prakashani - books.com.bd,http://books.com.bd/21718,1
প্রজেক্ট নেবুলা (Project Nebula) a book written by Muhammed Zafar Iqbal and published by Gyankosh Prakashani - books.com.bd,http://books.com.bd/21542,1
বীজগণিত ও মজার হতে পারে (Beej Gonito Mojar Hote Pare) a book written by Yakob Perelman and published by Gyankosh Prakashani - books.com.bd,http://books.com.bd/21758,1
বিজ্ঞানের একশ মজার খেলা (Bigganer 100 Mojar khela) a book written by Muhammed Zafar Iqbal and published by Gyankosh Prakashani - books.com.bd,http://books.com.bd/21544,1
বিজ্ঞানী সফদর আলীর মহা মহা আবিষ্কার (Biggani Shofdar Ali'r Moha Moha Abishkar) a book written by Muhammed Zafar Iqbal and published by Gyankosh Prakashani - books.com.bd,http://books.com.bd/21537,1
বাণী চিরন্তনী (Bany Cirontany) a book written by Kazi Abdul Alim and published by Gyankosh Prakashani - books.com.bd,http://books.com.bd/29276,1
বাইবেল কোরআন ও বিজ্ঞান (Baibel Quran O Biggan) a book written by Dr. Maurice Bucaille and published by Gyankosh Prakashani - books.com.bd,http://books.com.bd/29275,1
বাংলাদেশের বিচার ব্যবস্থা এবং নিম্ন আদালতের বিচার  (Bangladesher Bichar Babostha Abong Nimno Adalater Bichar) a book written by A. K. M. Abdul Awal Majumder and published by Gyankosh Prakashani - books.com.bd,http://books.com.bd/29274,1
বক্তৃতার ব্যাকরণ (Boktritar Byakaron) a book written by S. M. Zakir Hussain and published by Gyankosh Prakashani - books.com.bd,http://books.com.bd/21688,1
ফেরা (Fera [TN]) a book written by Taslima Nasrin and published by Gyankosh Prakashani - books.com.bd,http://books.com.bd/21644,1
ফিরে পাওয়া সুখ (Fire Faoya Sukh) a book written by Jasim Uddin (Hiron) and published by Gyankosh Prakashani - books.com.bd,http://books.com.bd/29273,1
পাখি তুমি সেদিন রাতে কাঁদছিলে কেন? (Pakhi Tumi Hsedin Rate Kedechile Keno?) a book written by Nasreen Jahan and published by Anyaprokash - books.com.bd,http://books.com.bd/801,1
আধাঁর করা আলো (Adhar Kora Alo) a book written by Touhidur Rahman and published by Anannya - books.com.bd,http://books.com.bd/9796,1
গল্পসমগ্র-২ (Golpshomogro -2[Alm]) a book written by Al Mahmud and published by Anannya - books.com.bd,http://books.com.bd/9818,1
হেভেনস ফল (Heavens Fall) a book written by Ahsan Senan and published by Anannya - books.com.bd,http://books.com.bd/9821,1
বাংলাদেশ লোকপ্রশাসন (Bangladesher Lokproshashon [EA]) a book written by Emazuddin Ahamed and published by Anannya - books.com.bd,http://books.com.bd/9891,1
প্রেত (Pret) a book written by Muhammed Zafar Iqbal and published by Gyankosh Prakashani - books.com.bd,http://books.com.bd/21545,1
প্রিয় রসুল (সা.) -এর প্রিয় মো জে জা (Priyo Rasul (Sa.)-Er Priyo Mo Ze Za) a book written by Muhammad Jalaluddin Biswas and published by Gyankosh Prakashani - books.com.bd,http://books.com.bd/29272,1
প্রশ্নের দর্শন  (Proshner Dorshon ) a book written by S. M. Zakir Hussain and published by Gyankosh Prakashani - books.com.bd,http://books.com.bd/21624,1
প্রশান্ত আত্মায় মৃত্যুহীন পরম শান্তি (Proshanto Attay Mrittuhin Porom Shanti) a book written by S. M. Zakir Hussain and published by Gyankosh Prakashani - books.com.bd,http://books.com.bd/21692,1
প্রবাসে আমরা (Probase Amra) a book written by Sadiqul Awwal and published by Gyankosh Prakashani - books.com.bd,http://books.com.bd/29271,1
